time,cmd_linear,cmd_angular,VelocityEncR,VelocityEncL
0.0231,0.0000,0.0000,0.0000,0.0000
0.0433,0.0000,0.0000,0.0000,0.0000
0.0630,0.0000,0.0000,0.0000,0.0000
0.0833,0.0000,0.0000,0.0000,0.0000
0.1032,0.0000,0.0000,0.0000,0.0000
0.1235,0.0000,0.0000,0.0000,0.0000
0.1429,0.0000,0.0000,0.0000,0.0000
0.1635,0.0000,0.0000,0.0000,0.0000
0.1834,0.0000,0.0000,0.0000,0.0000
0.2030,0.0000,0.0000,0.0000,0.0000
0.2235,0.0000,0.0000,0.0000,0.0000
0.2431,0.0000,0.0000,0.0000,0.0000
0.2632,0.0000,0.0000,0.0000,0.0000
0.2840,0.0000,0.0000,0.0000,0.0000
0.3034,0.0000,0.0000,0.0000,0.0000
0.3235,0.0000,0.0000,0.0000,0.0000
0.3433,0.0000,0.0000,0.0000,0.0000
0.3633,0.0000,0.0000,0.0000,0.0000
0.3831,0.0000,0.0000,0.0000,0.0000
0.4038,0.0000,0.0000,0.0000,0.0000
0.4231,0.0000,0.0000,0.0000,0.0000
0.4430,0.0000,0.0000,0.0000,0.0000
0.4631,0.0000,0.0000,0.0000,0.0000
0.4830,0.0000,0.0000,0.0000,0.0000
0.5031,0.0000,0.0000,0.0000,0.0000
0.5231,0.0000,0.0000,0.0000,0.0000
0.5431,0.0000,0.0000,0.0000,0.0000
0.5631,0.0000,0.0000,0.0000,0.0000
0.5831,0.0000,0.0000,0.0000,0.0000
0.6029,0.0000,0.0000,0.0000,0.0000
0.6231,0.0000,0.0000,0.0000,0.0000
0.6429,0.0000,0.0000,0.0000,0.0000
0.6631,0.0000,0.0000,0.0000,0.0000
0.6831,0.0000,0.0000,0.0000,0.0000
0.7031,0.0000,0.0000,0.0000,0.0000
0.7231,0.0000,0.0000,0.0000,0.0000
0.7431,0.0000,0.0000,0.0000,0.0000
0.7631,0.0000,0.0000,0.0000,0.0000
0.7829,0.0000,0.0000,0.0000,0.0000
0.8029,0.0000,0.0000,0.0000,0.0000
0.8231,0.0000,0.0000,0.0000,0.0000
0.8432,0.0000,0.0000,0.0000,0.0000
0.8636,0.0000,0.0000,0.0000,0.0000
0.8831,0.0000,0.0000,0.0000,0.0000
0.9031,0.0000,0.0000,0.0000,0.0000
0.9231,0.0000,0.0000,0.0000,0.0000
0.9431,0.0000,0.0000,0.0000,0.0000
0.9631,0.0000,0.0000,0.0000,0.0000
0.9830,0.0000,0.0000,0.0000,0.0000
1.0036,0.0000,0.0000,0.0000,0.0000
1.0234,0.0000,0.0000,0.0000,0.0000
1.0433,0.0000,0.0000,0.0000,0.0000
1.0635,0.0000,0.0000,0.0000,0.0000
1.0833,0.0000,0.0000,0.0000,0.0000
1.1030,0.0000,0.0000,0.0000,0.0000
1.1234,0.0000,0.0000,0.0000,0.0000
1.1431,0.0000,0.0000,0.0000,0.0000
1.1631,0.0000,0.0000,0.0000,0.0000
1.1836,0.0000,0.0000,0.0000,0.0000
1.2029,0.0000,0.0000,0.0000,0.0000
1.2231,0.0000,0.0000,0.0000,0.0000
1.2429,0.0000,0.0000,0.0000,0.0000
1.2629,0.0000,0.0000,0.0000,0.0000
1.2832,0.0000,0.0000,0.0000,0.0000
1.3035,0.0000,0.0000,0.0000,0.0000
1.3237,0.0000,0.0000,0.0000,0.0000
1.3430,0.0000,0.0000,0.0000,0.0000
1.3631,0.0000,0.0000,0.0000,0.0000
1.3831,0.0000,0.0000,0.0000,0.0000
1.4029,0.0000,0.0000,0.0000,0.0000
1.4229,0.0000,0.0000,0.0000,0.0000
1.4431,0.0000,0.0000,0.0000,0.0000
1.4631,0.0000,0.0000,0.0000,0.0000
1.4831,0.0000,0.0000,0.0000,0.0000
1.5031,0.0000,0.0000,0.0000,0.0000
1.5231,0.0000,0.0000,0.0000,0.0000
1.5431,0.0000,0.0000,0.0000,0.0000
1.5631,0.0000,0.0000,0.0000,0.0000
1.5831,0.0000,0.0000,0.0000,0.0000
1.6032,0.0000,0.0000,0.0000,0.0000
1.6231,0.0000,0.0000,0.0000,0.0000
1.6431,0.0000,0.0000,0.0000,0.0000
1.6631,0.0000,0.0000,0.0000,0.0000
1.6830,0.0000,0.0000,0.0000,0.0000
1.7030,0.0000,0.0000,0.0000,0.0000
1.7229,0.0000,0.0000,0.0000,0.0000
1.7431,0.0000,0.0000,0.0000,0.0000
1.7632,0.0000,0.0000,0.0000,0.0000
1.7834,0.0000,0.0000,0.0000,0.0000
1.8034,0.0000,0.0000,0.0000,0.0000
1.8231,0.0000,0.0000,0.0000,0.0000
1.8430,0.0000,0.0000,0.0000,0.0000
1.8630,0.0000,0.0000,0.0000,0.0000
1.8831,0.0000,0.0000,0.0000,0.0000
1.9031,0.0000,0.0000,0.0000,0.0000
1.9230,0.0000,0.0000,0.0000,0.0000
1.9430,0.0000,0.0000,0.0000,0.0000
1.9631,0.0000,0.0000,0.0000,0.0000
1.9832,0.0000,0.0000,0.0000,0.0000
2.0029,0.0000,0.0000,0.0000,0.0000
2.0231,0.0000,0.0000,0.0000,0.0000
2.0431,0.0000,0.0000,0.0000,0.0000
2.0632,0.0000,0.0000,0.0000,0.0000
2.0831,0.0000,0.0000,0.0000,0.0000
2.1033,0.0000,0.0000,0.0000,0.0000
2.1231,0.0000,0.0000,0.0000,0.0000
2.1429,0.0000,0.0000,0.0000,0.0000
2.1629,0.0000,0.0000,0.0000,0.0000
2.1831,0.0000,0.0000,0.0000,0.0000
2.2031,0.0000,0.0000,0.0000,0.0000
2.2231,0.0000,0.0000,0.0000,0.0000
2.2431,0.0000,0.0000,0.0000,0.0000
2.2631,0.0000,0.0000,0.0000,0.0000
2.2829,0.0000,0.0000,0.0000,0.0000
2.3029,0.0000,0.0000,0.0000,0.0000
2.3230,0.0000,0.0000,0.0000,0.0000
2.3429,0.0000,0.0000,0.0000,0.0000
2.3631,0.0000,0.0000,0.0000,0.0000
2.3829,0.0000,0.0000,0.0000,0.0000
2.4031,0.0000,0.0000,0.0000,0.0000
2.4231,0.0000,0.0000,0.0000,0.0000
2.4431,0.0000,0.0000,0.0000,0.0000
2.4631,0.0000,0.0000,0.0000,0.0000
2.4831,0.0000,0.0000,0.0000,0.0000
2.5031,0.0000,0.0000,0.0000,0.0000
2.5231,0.0000,0.0000,0.0000,0.0000
2.5429,0.0000,0.0000,0.0000,0.0000
2.5631,0.0000,0.0000,0.0000,0.0000
2.5831,0.0000,0.0000,0.0000,0.0000
2.6031,0.0000,0.0000,0.0000,0.0000
2.6231,0.0000,0.0000,0.0000,0.0000
2.6429,0.0000,0.0000,0.0000,0.0000
2.6631,0.0000,0.0000,0.0000,0.0000
2.6831,0.0000,0.0000,0.0000,0.0000
2.7031,0.0000,0.0000,0.0000,0.0000
2.7231,0.0000,0.0000,0.0000,0.0000
2.7431,0.0000,0.0000,0.0000,0.0000
2.7631,0.0000,0.0000,0.0000,0.0000
2.7832,0.0000,0.0000,0.0000,0.0000
2.8032,0.0000,0.0000,0.0000,0.0000
2.8229,0.0000,0.0000,0.0000,0.0000
2.8431,0.0000,0.0000,0.0000,0.0000
2.8630,0.0000,0.0000,0.0000,0.0000
2.8830,0.0000,0.0000,0.0000,0.0000
2.9030,0.0000,0.0000,0.0000,0.0000
2.9230,0.0000,0.0000,0.0000,0.0000
2.9431,0.0000,0.0000,0.0000,0.0000
2.9631,0.0000,0.0000,0.0000,0.0000
2.9830,0.0000,0.0000,0.0000,0.0000
3.0031,0.0000,0.0000,0.0000,0.0000
3.0231,0.0000,0.0000,0.0000,0.0000
3.0429,0.0000,0.0000,0.0000,0.0000
3.0631,0.0000,0.0000,0.0000,0.0000
3.0830,0.0000,0.0000,0.0000,0.0000
3.1031,0.0000,0.0000,0.0000,0.0000
3.1231,0.0000,0.0000,0.0000,0.0000
3.1431,0.0000,0.0000,0.0000,0.0000
3.1631,0.0000,0.0000,0.0000,0.0000
3.1831,0.0000,0.0000,0.0000,0.0000
3.2030,0.0000,0.0000,0.0000,0.0000
3.2229,0.0000,0.0000,0.0000,0.0000
3.2430,0.0000,0.0000,0.0000,0.0000
3.2631,0.0000,0.0000,0.0000,0.0000
3.2831,0.0000,0.0000,0.0000,0.0000
3.3031,0.0000,0.0000,0.0000,0.0000
3.3230,0.0000,0.0000,0.0000,0.0000
3.3432,0.0000,0.0000,0.0000,0.0000
3.3629,0.0000,0.0000,0.0000,0.0000
3.3829,0.0000,0.0000,0.0000,0.0000
3.4031,0.0000,0.0000,0.0000,0.0000
3.4232,0.0000,0.0000,0.0000,0.0000
3.4431,0.0000,0.0000,0.0000,0.0000
3.4631,0.0000,0.0000,0.0000,0.0000
3.4831,0.0000,0.0000,0.0000,0.0000
3.5031,0.0000,0.0000,0.0000,0.0000
3.5231,0.0000,0.0000,0.0000,0.0000
3.5431,0.0000,0.0000,0.0000,0.0000
3.5631,0.0000,0.0000,0.0000,0.0000
3.5831,0.0000,0.0000,0.0000,0.0000
3.6031,0.0000,0.0000,0.0000,0.0000
3.6231,0.0000,0.0000,0.0000,0.0000
3.6431,0.0000,0.0000,0.0000,0.0000
3.6631,0.0000,0.0000,0.0000,0.0000
3.6830,0.0000,0.0000,0.0000,0.0000
3.7031,0.0000,0.0000,0.0000,0.0000
3.7230,0.0000,0.0000,0.0000,0.0000
3.7431,0.0000,0.0000,0.0000,0.0000
3.7631,0.0000,0.0000,0.0000,0.0000
3.7831,0.0000,0.0000,0.0000,0.0000
3.8031,0.0000,0.0000,0.0000,0.0000
3.8231,0.0000,0.0000,0.0000,0.0000
3.8431,0.0000,0.0000,0.0000,0.0000
3.8631,0.0000,0.0000,0.0000,0.0000
3.8831,0.0000,0.0000,0.0000,0.0000
3.9031,0.0000,0.0000,0.0000,0.0000
3.9231,0.0000,0.0000,0.0000,0.0000
3.9431,0.0000,0.0000,0.0000,0.0000
3.9631,0.0000,0.0000,0.0000,0.0000
3.9831,0.0000,0.0000,0.0000,0.0000
4.0031,0.0000,0.0000,0.0000,0.0000
4.0231,0.0000,0.0000,0.0000,0.0000
4.0430,0.0000,0.0000,0.0000,0.0000
4.0631,0.0000,0.0000,0.0000,0.0000
4.0832,0.0000,0.0000,0.0000,0.0000
4.1031,0.0000,0.0000,0.0000,0.0000
4.1231,0.0000,0.0000,0.0000,0.0000
4.1432,0.0000,0.0000,0.0000,0.0000
4.1634,0.0000,0.0000,0.0000,0.0000
4.1832,0.0000,0.0000,0.0000,0.0000
4.2034,0.0000,0.0000,0.0000,0.0000
4.2231,0.0000,0.0000,0.0000,0.0000
4.2431,0.0000,0.0000,0.0000,0.0000
4.2631,0.0000,0.0000,0.0000,0.0000
4.2831,0.0000,0.0000,0.0000,0.0000
4.3031,0.0000,0.0000,0.0000,0.0000
4.3231,0.0000,0.0000,0.0000,0.0000
4.3432,0.0000,0.0000,0.0000,0.0000
4.3631,0.0000,0.0000,0.0000,0.0000
4.3829,0.0000,0.0000,0.0000,0.0000
4.4031,0.0000,0.0000,0.0000,0.0000
4.4231,0.0000,0.0000,0.0000,0.0000
4.4431,0.0000,0.0000,0.0000,0.0000
4.4631,0.0000,0.0000,0.0000,0.0000
4.4831,0.0000,0.0000,0.0000,0.0000
4.5031,0.0000,0.0000,0.0000,0.0000
4.5231,0.0000,0.0000,0.0000,0.0000
4.5430,0.0000,0.0000,0.0000,0.0000
4.5631,0.0000,0.0000,0.0000,0.0000
4.5831,0.0000,0.0000,0.0000,0.0000
4.6031,0.0000,0.0000,0.0000,0.0000
4.6231,0.0000,0.0000,0.0000,0.0000
4.6429,0.0000,0.0000,0.0000,0.0000
4.6632,0.0000,0.0000,0.0000,0.0000
4.6833,0.0000,0.0000,0.0000,0.0000
4.7032,0.0000,0.0000,0.0000,0.0000
4.7230,0.0000,0.0000,0.0000,0.0000
4.7430,0.0000,0.0000,0.0000,0.0000
4.7633,0.0000,0.0000,0.0000,0.0000
4.7831,0.0000,0.0000,0.0000,0.0000
4.8036,0.0000,0.0000,0.0000,0.0000
4.8229,0.0000,0.0000,0.0000,0.0000
4.8432,0.0000,0.0000,0.0000,0.0000
4.8638,0.0000,0.0000,0.0000,0.0000
4.8831,0.0000,0.0000,0.0000,0.0000
4.9030,0.0000,0.0000,0.0000,0.0000
4.9237,0.0000,0.0000,0.0000,0.0000
4.9433,0.0000,0.0000,0.0000,0.0000
4.9631,0.0000,0.0000,0.0000,0.0000
4.9832,0.0000,0.0000,0.0000,0.0000
5.0034,0.0000,0.0000,0.0000,0.0000
5.0233,0.0000,0.0000,0.0000,0.0000
5.0438,0.0000,0.0000,0.0000,0.0000
5.0631,0.0000,0.0000,0.0000,0.0000
5.0835,0.0000,0.0000,0.0000,0.0000
5.1037,0.0000,0.0000,0.0000,0.0000
5.1234,0.0000,0.0000,0.0000,0.0000
5.1429,0.0000,0.0000,0.0000,0.0000
5.1634,0.0000,0.0000,0.0000,0.0000
5.1834,0.0000,0.0000,0.0000,0.0000
5.2035,0.0000,0.0000,0.0000,0.0000
5.2235,0.0000,0.0000,0.0000,0.0000
5.2435,0.0000,0.0000,0.0000,0.0000
5.2635,0.0000,0.0000,0.0000,0.0000
5.2834,0.0000,0.0000,0.0000,0.0000
5.3034,0.0000,0.0000,0.0000,0.0000
5.3229,0.0000,0.0000,0.0000,0.0000
5.3434,0.0000,0.0000,0.0000,0.0000
5.3638,0.0000,0.0000,0.0000,0.0000
5.3830,0.0000,0.0000,0.0000,0.0000
5.4032,0.0000,0.0000,0.0000,0.0000
5.4234,0.0000,0.0000,0.0000,0.0000
5.4435,0.0000,0.0000,0.0000,0.0000
5.4629,0.0000,0.0000,0.0000,0.0000
5.4834,0.0000,0.0000,0.0000,0.0000
5.5034,0.0000,0.0000,0.0000,0.0000
5.5235,0.0000,0.0000,0.0000,0.0000
5.5429,0.0000,0.0000,0.0000,0.0000
5.5635,0.0000,0.0000,0.0000,0.0000
5.5833,0.0000,0.0000,0.0000,0.0000
5.6031,0.0000,0.0000,0.0000,0.0000
5.6234,0.0000,0.0000,0.0000,0.0000
5.6429,0.0000,0.0000,0.0000,0.0000
5.6637,0.0000,0.0000,0.0000,0.0000
5.6835,0.0000,0.0000,0.0000,0.0000
5.7034,0.0000,0.0000,0.0000,0.0000
5.7233,0.0000,0.0000,0.0000,0.0000
5.7433,0.0000,0.0000,0.0000,0.0000
5.7635,0.0000,0.0000,0.0000,0.0000
5.7831,0.0000,0.0000,0.0000,0.0000
5.8034,0.0000,0.0000,0.0000,0.0000
5.8232,0.0000,0.0000,0.0000,0.0000
5.8430,0.0000,0.0000,0.0000,0.0000
5.8634,0.0000,0.0000,0.0000,0.0000
5.8838,0.0000,0.0000,0.0000,0.0000
5.9032,0.0000,0.0000,0.0000,0.0000
5.9234,0.0000,0.0000,0.0000,0.0000
5.9434,0.0000,0.0000,0.0000,0.0000
5.9633,0.0000,0.0000,0.0000,0.0000
5.9832,0.0000,0.0000,0.0000,0.0000
6.0038,0.0000,0.0000,0.0000,0.0000
6.0236,0.0000,0.0000,0.0000,0.0000
6.0433,0.0000,0.0000,0.0000,0.0000
6.0633,0.0000,0.0000,0.0000,0.0000
6.0831,0.0000,0.0000,0.0000,0.0000
6.1036,0.0000,0.0000,0.0000,0.0000
6.1234,0.0000,0.0000,0.0000,0.0000
6.1434,0.0000,0.0000,0.0000,0.0000
6.1633,0.0000,0.0000,0.0000,0.0000
6.1833,0.0000,0.0000,0.0000,0.0000
6.2040,0.0000,0.0000,0.0000,0.0000
6.2231,0.0000,0.0000,0.0000,0.0000
6.2433,0.0000,0.0000,0.0000,0.0000
6.2633,0.0000,0.0000,0.0000,0.0000
6.2832,0.0000,0.0000,0.0000,0.0000
6.3033,0.0000,0.0000,0.0000,0.0000
6.3234,0.0000,0.0000,0.0000,0.0000
6.3435,0.0000,0.0000,0.0000,0.0000
6.3633,0.0000,0.0000,0.0000,0.0000
6.3831,0.0000,0.0000,0.0000,0.0000
6.4030,0.0000,0.0000,0.0000,0.0000
6.4233,0.0000,0.0000,0.0000,0.0000
6.4436,0.0000,0.0000,0.0000,0.0000
6.4634,0.0000,0.0000,0.0000,0.0000
6.4832,0.0000,0.0000,0.0000,0.0000
6.5038,0.0000,0.0000,0.0000,0.0000
6.5234,0.0000,0.0000,0.0000,0.0000
6.5429,0.0000,0.0000,0.0000,0.0000
6.5634,0.0000,0.0000,0.0000,0.0000
6.5832,0.0000,0.0000,0.0000,0.0000
6.6037,0.0000,0.0000,0.0000,0.0000
6.6236,0.0000,0.0000,0.0000,0.0000
6.6436,0.0000,0.0000,0.0000,0.0000
6.6632,0.0000,0.0000,0.0000,0.0000
6.6833,0.0000,0.0000,0.0000,0.0000
6.7033,0.0000,0.0000,0.0000,0.0000
6.7233,0.0000,0.0000,0.0000,0.0000
6.7435,0.0000,0.0000,0.0000,0.0000
6.7633,0.0000,0.0000,0.0000,0.0000
6.7832,0.0000,0.0000,0.0000,0.0000
6.8038,0.0000,0.0000,0.0000,0.0000
6.8231,0.0000,0.0000,0.0000,0.0000
6.8435,0.0000,0.0000,0.0000,0.0000
6.8633,0.0000,0.0000,0.0000,0.0000
6.8832,0.0000,0.0000,0.0000,0.0000
6.9033,0.0000,0.0000,0.0000,0.0000
6.9238,0.0000,0.0000,0.0000,0.0000
6.9433,0.0000,0.0000,0.0000,0.0000
6.9632,0.0000,0.0000,0.0000,0.0000
6.9832,0.0000,0.0000,0.0000,0.0000
7.0033,0.0000,0.0000,0.0000,0.0000
7.0233,0.0000,0.0000,0.0000,0.0000
7.0429,0.0000,0.0000,0.0000,0.0000
7.0632,0.0000,0.0000,0.0000,0.0000
7.0833,0.0000,0.0000,0.0000,0.0000
7.1036,0.0000,0.0000,0.0000,0.0000
7.1238,0.0000,0.0000,0.0000,0.0000
7.1434,0.0000,0.0000,0.0000,0.0000
7.1633,0.0000,0.0000,0.0000,0.0000
7.1838,0.0000,0.0000,0.0000,0.0000
7.2034,0.0000,0.0000,0.0000,0.0000
7.2237,0.0000,0.0000,0.0000,0.0000
7.2429,0.0000,0.0000,0.0000,0.0000
7.2634,0.0000,0.0000,0.0000,0.0000
7.2833,0.0000,0.0000,0.0000,0.0000
7.3037,0.0000,0.0000,0.0000,0.0000
7.3233,0.0000,0.0000,0.0000,0.0000
7.3433,0.0000,0.0000,0.0000,0.0000
7.3633,0.0000,0.0000,0.0000,0.0000
7.3832,0.0000,0.0000,0.0000,0.0000
7.4040,0.0000,0.0000,0.0000,0.0000
7.4233,0.0000,0.0000,0.0000,0.0000
7.4437,0.0000,0.0000,0.0000,0.0000
7.4633,0.0000,0.0000,0.0000,0.0000
7.4832,0.0000,0.0000,0.0000,0.0000
7.5034,0.0000,0.0000,0.0000,0.0000
7.5234,0.0000,0.0000,0.0000,0.0000
7.5433,0.0000,0.0000,0.0000,0.0000
7.5637,0.0000,0.0000,0.0000,0.0000
7.5833,0.0000,0.0000,0.0000,0.0000
7.6035,0.0000,0.0000,0.0000,0.0000
7.6236,0.0000,0.0000,0.0000,0.0000
7.6436,0.0000,0.0000,0.0000,0.0000
7.6633,0.0000,0.0000,0.0000,0.0000
7.6839,0.0000,0.0000,0.0000,0.0000
7.7033,0.0000,0.0000,0.0000,0.0000
7.7236,0.0000,0.0000,0.0000,0.0000
7.7433,0.0000,0.0000,0.0000,0.0000
7.7629,0.0000,0.0000,0.0000,0.0000
7.7834,0.0000,0.0000,0.0000,0.0000
7.8035,0.0000,0.0000,0.0000,0.0000
7.8235,0.0000,0.0000,0.0000,0.0000
7.8433,0.0000,0.0000,0.0000,0.0000
7.8633,0.0000,0.0000,0.0000,0.0000
7.8832,0.0000,0.0000,0.0000,0.0000
7.9030,0.0000,0.0000,0.0000,0.0000
7.9230,0.0000,0.0000,0.0000,0.0000
7.9430,0.0000,0.0000,0.0000,0.0000
7.9631,0.0000,0.0000,0.0000,0.0000
7.9830,0.0000,0.0000,0.0000,0.0000
8.0030,0.0000,0.0000,0.0000,0.0000
8.0230,0.0000,0.0000,0.0000,0.0000
8.0430,0.0000,0.0000,0.0000,0.0000
8.0630,0.0000,0.0000,0.0000,0.0000
8.0829,0.0000,0.0000,0.0000,0.0000
8.1029,0.0000,0.0000,0.0000,0.0000
8.1229,0.0000,0.0000,0.0000,0.0000
8.1430,0.0000,0.0000,0.0000,0.0000
8.1630,0.0000,0.0000,0.0000,0.0000
8.1830,0.0000,0.0000,0.0000,0.0000
8.2031,0.0000,0.0000,0.0000,0.0000
8.2241,0.0000,0.0000,0.0000,0.0000
8.2433,0.0000,0.0000,0.0000,0.0000
8.2632,0.0000,0.0000,0.0000,0.0000
8.2833,0.0000,0.0000,0.0000,0.0000
8.3037,0.0000,0.0000,0.0000,0.0000
8.3235,0.0000,0.0000,0.0000,0.0000
8.3436,0.0000,0.0000,0.0000,0.0000
8.3634,0.0000,0.0000,0.0000,0.0000
8.3832,0.0000,0.0000,0.0000,0.0000
8.4038,0.0000,0.0000,0.0000,0.0000
8.4234,0.0000,0.0000,0.0000,0.0000
8.4435,0.0000,0.0000,0.0000,0.0000
8.4633,0.0000,0.0000,0.0000,0.0000
8.4835,0.0000,0.0000,0.0000,0.0000
8.5041,0.0000,0.0000,0.0000,0.0000
8.5237,0.0000,0.0000,0.0000,0.0000
8.5431,0.0000,0.0000,0.0000,0.0000
8.5631,0.0000,0.0000,0.0000,0.0000
8.5830,0.0000,0.0000,0.0000,0.0000
8.6031,0.0000,0.0000,0.0000,0.0000
8.6231,0.0000,0.0000,0.0000,0.0000
8.6433,0.0000,0.0000,0.0000,0.0000
8.6629,0.0000,0.0000,0.0000,0.0000
8.6831,0.0000,0.0000,0.0000,0.0000
8.7033,0.0000,0.0000,0.0000,0.0000
8.7234,0.0000,0.0000,0.0000,0.0000
8.7431,0.0000,0.0000,0.0000,0.0000
8.7630,0.0000,0.0000,0.0000,0.0000
8.7837,0.0000,0.0000,0.0000,0.0000
8.8033,0.0000,0.0000,0.0000,0.0000
8.8230,0.0000,0.0000,0.0000,0.0000
8.8433,0.0000,0.0000,0.0000,0.0000
8.8631,0.0000,0.0000,0.0000,0.0000
8.8832,0.0000,0.0000,0.0000,0.0000
8.9038,0.0000,0.0000,0.0000,0.0000
8.9239,0.0000,0.0000,0.0000,0.0000
8.9436,0.0000,0.0000,0.0000,0.0000
8.9634,0.0000,0.0000,0.0000,0.0000
8.9834,0.0000,0.0000,0.0000,0.0000
9.0033,0.0000,0.0000,0.0000,0.0000
9.0235,0.0000,0.0000,0.0000,0.0000
9.0437,0.0000,0.0000,0.0000,0.0000
9.0630,0.0000,0.0000,0.0000,0.0000
9.0830,0.0000,0.0000,0.0000,0.0000
9.1032,0.2000,0.0000,0.0000,0.0000
9.1234,0.2000,0.0000,0.0000,0.0000
9.1434,0.2000,0.0000,0.0000,0.0000
9.1635,0.2000,0.0000,0.0000,0.0000
9.1839,0.2000,0.0000,0.0000,0.0000
9.2030,0.2000,0.0000,0.0000,0.0000
9.2233,0.2000,0.0000,0.0000,0.0000
9.2436,0.2000,0.0000,0.0000,0.0000
9.2633,0.2000,0.0000,0.0000,0.0000
9.2836,0.2000,0.0000,0.0000,0.0000
9.3037,0.2000,0.0000,0.0000,0.0000
9.3234,0.2000,0.0000,0.0000,0.0000
9.3435,0.2000,0.0000,0.0000,0.0000
9.3630,0.2000,0.0000,2.3540,1.4127
9.3840,0.2000,0.0000,3.0763,2.6483
9.4042,0.2000,0.0000,3.2279,3.5211
9.4234,0.2000,0.0000,3.2279,3.5211
9.4433,0.2000,0.0000,3.2279,3.5211
9.4635,0.2000,0.0000,3.2279,3.5211
9.4834,0.2000,0.0000,3.2279,3.5211
9.5038,0.2000,0.0000,3.2279,3.5211
9.5233,0.2000,0.0000,3.2279,3.5211
9.5429,0.2000,0.0000,4.1708,4.1962
9.5630,0.2000,0.0000,4.2061,4.2065
9.5834,0.2000,0.0000,4.2061,4.2065
9.6035,0.2000,0.0000,4.2061,4.2065
9.6232,0.2000,0.0000,4.2061,4.2065
9.6433,0.2000,0.0000,4.2061,4.2065
9.6631,0.2000,0.0000,4.2061,4.2065
9.6835,0.2000,0.0000,4.2061,4.2065
9.7031,0.2000,0.0000,4.2244,3.8404
9.7230,0.2000,0.0000,3.8577,3.8598
9.7429,0.2000,0.0000,3.8577,3.8598
9.7631,0.2000,0.0000,3.8577,3.8598
9.7832,0.2000,0.0000,3.8577,3.8598
9.8031,0.2000,0.0000,3.8577,3.8598
9.8232,0.2000,0.0000,3.8577,3.8598
9.8430,0.2000,0.0000,3.8786,3.8786
9.8630,0.2000,0.0000,3.4351,3.5566
9.8831,0.2000,0.0000,3.4351,4.1989
9.9032,0.2000,0.0000,3.4351,4.1989
9.9232,0.2000,0.0000,3.4351,4.1989
9.9433,0.2000,0.0000,3.4351,4.1989
9.9634,0.2000,0.0000,3.4351,4.1989
9.9832,0.2000,0.0000,3.8545,3.8506
10.0033,0.2000,0.0000,3.8545,3.8506
10.0233,0.2000,0.0000,4.2223,4.2223
10.0434,0.2000,0.0000,4.2223,4.2223
10.0632,0.2000,0.0000,4.2223,4.2223
10.0834,0.2000,0.0000,4.2223,4.2223
10.1037,0.2000,0.0000,4.2223,4.2223
10.1232,0.2000,0.0000,4.2223,4.2223
10.1431,0.2000,0.0000,4.2223,4.2223
10.1630,0.2000,0.0000,4.2223,4.2223
10.1832,0.2000,0.0000,4.2223,4.2223
10.2029,0.2000,0.0000,4.1701,3.8490
10.2231,0.2000,0.0000,4.1712,4.1715
10.2439,0.2000,0.0000,4.1920,3.8427
10.2631,0.2000,0.0000,4.1920,3.8427
10.2833,0.2000,0.0000,4.1920,3.8427
10.3031,0.2000,0.0000,4.1920,3.8427
10.3231,0.2000,0.0000,4.1920,3.8427
10.3431,0.2000,0.0000,4.1920,3.8427
10.3633,0.2000,0.0000,4.2046,3.5016
10.3834,0.2000,0.0000,3.8412,3.8412
10.4030,0.2000,0.0000,4.4913,4.1943
10.4233,0.2000,0.0000,4.4913,4.1943
10.4432,0.2000,0.0000,4.4913,4.1943
10.4632,0.2000,0.0000,4.4913,4.1943
10.4834,0.2000,0.0000,4.4913,4.1943
10.5032,0.2000,0.0000,4.4913,4.1943
10.5231,0.2000,0.0000,4.2215,4.1580
10.5431,0.2000,0.0000,3.8486,4.2219
10.5630,0.2000,0.0000,4.1603,3.8153
10.5831,0.2000,0.0000,4.1603,3.8153
10.6032,0.2000,0.0000,4.1603,3.8153
10.6230,0.2000,0.0000,4.1603,3.8153
10.6430,0.2000,0.0000,4.1603,3.8153
10.6631,0.2000,0.0000,4.1603,3.8153
10.6834,0.2000,0.0000,3.8388,3.8392
10.7044,0.2000,0.0000,3.8441,3.8464
10.7230,0.2000,0.0000,3.8542,3.8542
10.7433,0.2000,0.0000,3.8542,3.8542
10.7632,0.2000,0.0000,3.8542,3.8542
10.7830,0.2000,0.0000,3.8542,3.8542
10.8030,0.2000,0.0000,3.8542,3.8542
10.8231,0.2000,0.0000,3.8542,3.8542
10.8433,0.2000,0.0000,3.8535,3.8489
10.8630,0.2000,0.0000,3.8542,4.1973
10.8830,0.2000,0.0000,3.8455,4.1660
10.9032,0.2000,0.0000,3.8517,4.1660
10.9232,0.2000,0.0000,4.2186,3.8941
10.9429,0.2000,0.0000,3.8519,4.1931
10.9629,0.2000,0.0000,4.2008,3.8496
10.9836,0.2000,0.0000,3.8563,3.5057
11.0029,0.2000,0.0000,3.5351,3.8564
11.0231,0.2000,0.0000,4.2061,4.2065
11.0430,0.2000,0.0000,3.8485,3.8488
11.0630,0.2000,0.0000,3.8461,4.1401
11.0829,0.2000,0.0000,3.8535,3.8510
11.1031,0.2000,0.0000,4.1992,3.8765
11.1233,0.2000,0.0000,3.8305,3.8301
11.1429,0.2000,0.0000,3.8552,4.4053
11.1630,0.2000,0.0000,4.2038,3.8538
11.1831,0.2000,0.0000,3.8468,3.8461
11.2032,0.2000,0.0000,3.8468,3.8461
11.2231,0.2000,0.0000,3.8556,3.8560
11.2433,0.2000,0.0000,3.8556,3.8560
11.2634,0.2000,0.0000,3.8556,3.8560
11.2831,0.2000,0.0000,3.5057,3.8542
11.3030,0.2000,0.0000,3.8461,3.8461
11.3231,0.2000,0.0000,3.8253,3.8260
11.3432,0.2000,0.0000,3.8506,4.1712
11.3630,0.2000,0.0000,3.8552,4.2034
11.3830,0.2000,0.0000,3.8479,3.8479
11.4030,0.2000,0.0000,4.4872,4.1687
11.4231,0.2000,0.0000,3.8468,4.2115
11.4431,0.2000,0.0000,3.8552,4.2057
11.4629,0.2000,0.0000,4.1966,4.1708
11.4830,0.2000,0.0000,4.2050,3.8497
11.5030,0.2000,0.0000,3.8558,3.8409
11.5230,0.2000,0.0000,4.1705,3.8558
11.5431,0.2000,0.0000,4.1705,3.8558
11.5631,0.2000,0.0000,4.1705,3.8558
11.5834,0.2000,0.0000,3.8623,4.1878
11.6032,0.2000,0.0000,3.8951,3.8951
11.6231,0.2000,0.0000,4.1720,3.7901
11.6430,0.2000,0.0000,3.8455,3.8458
11.6637,0.2000,0.0000,4.1584,4.1580
11.6830,0.2000,0.0000,3.8511,4.1265
11.7030,0.2000,0.0000,4.2065,4.2065
11.7230,0.2000,0.0000,4.1712,4.1715
11.7430,0.2000,0.0000,3.8542,3.5330
11.7633,0.2000,0.0000,3.8542,4.2050
11.7830,0.2000,0.0000,3.8461,3.8506
11.8031,0.2000,0.0000,3.8461,4.1958
11.8230,0.2000,0.0000,3.5048,3.5300
11.8432,0.2000,0.0000,4.1954,4.1715
11.8630,0.2000,0.0000,3.8458,3.8455
11.8832,0.2000,0.0000,3.8612,3.5099
11.9030,0.2000,0.0000,4.2073,3.8315
11.9230,0.2000,0.0000,3.9061,4.1939
11.9429,0.2000,0.0000,4.1398,3.7938
11.9630,0.2000,0.0000,4.2042,3.8516
11.9832,0.2000,0.0000,4.2042,3.8516
12.0032,0.2000,0.0000,4.2042,3.8516
12.0232,0.2000,0.0000,3.8500,3.8497
12.0430,0.2000,0.0000,4.1962,3.8465
12.0631,0.2000,0.0000,3.8503,4.1715
12.0829,0.2000,0.0000,3.8395,4.1867
12.1032,0.2000,0.0000,4.1573,3.8622
12.1231,0.2000,0.0000,4.1573,3.8622
12.1433,0.2000,0.0000,3.8513,3.5306
12.1633,0.2000,0.0000,3.5745,3.8481
12.1832,0.2000,0.0000,4.2080,4.2096
12.2030,0.2000,0.0000,3.4959,3.8454
12.2231,0.2000,0.0000,3.8542,4.2038
12.2430,0.2000,0.0000,3.8509,3.8509
12.2631,0.2000,0.0000,3.8458,3.8461
12.2832,0.2000,0.0000,3.8545,3.8545
12.3031,0.2000,0.0000,3.8588,3.5080
12.3230,0.2000,0.0000,3.8541,3.8538
12.3430,0.2000,0.0000,3.8458,4.1958
12.3633,0.2000,0.0000,3.8450,4.2329
12.3832,0.2000,0.0000,3.8500,3.8500
12.4030,0.2000,0.0000,3.8435,4.2278
12.4231,0.2000,0.0000,3.8558,4.2278
12.4431,0.2000,0.0000,3.8558,4.2278
12.4631,0.2000,0.0000,3.8558,4.2278
12.4833,0.2000,0.0000,3.8558,4.2278
12.5033,0.2000,0.0000,4.2046,3.8542
12.5236,0.2000,0.0000,3.8503,3.8506
12.5433,0.2000,0.0000,3.8446,3.8552
12.5640,0.2000,0.0000,3.8446,3.8552
12.5831,0.2000,0.0000,4.2050,3.8549
12.6030,0.2000,0.0000,4.1722,3.8453
12.6231,0.2000,0.0000,3.8438,4.2057
12.6430,0.2000,0.0000,4.1757,3.8545
12.6630,0.2000,0.0000,4.1644,4.1644
12.6832,0.2000,0.0000,3.8446,3.8427
12.7029,0.2000,0.0000,3.8503,3.8487
12.7236,0.2000,0.0000,3.8503,3.8506
12.7433,0.2000,0.0000,3.8526,4.1740
12.7631,0.2000,0.0000,4.1722,3.5306
12.7834,0.2000,0.0000,4.1954,4.1958
12.8029,0.2000,0.0000,3.8552,4.2061
12.8234,0.2000,0.0000,3.8486,3.8503
12.8431,0.2000,0.0000,3.8486,3.8486
12.8631,0.2000,0.0000,4.1729,3.8588
12.8833,0.2000,0.0000,4.1729,3.8588
12.9034,0.2000,0.0000,3.8451,4.1729
12.9230,0.2000,0.0000,4.1722,3.8549
12.9433,0.2000,0.0000,3.8451,3.8451
12.9630,0.2000,0.0000,3.8009,3.8989
12.9829,0.2000,0.0000,3.8454,4.2299
13.0029,0.2000,0.0000,3.8510,3.8555
13.0231,0.2000,0.0000,3.8556,3.8560
13.0432,0.2000,0.0000,3.8458,3.8458
13.0630,0.2000,0.0000,3.8549,3.8549
13.0831,0.2000,0.0000,4.2350,3.8500
13.1037,0.2000,0.0000,3.8506,3.8506
13.1232,0.2000,0.0000,4.4382,4.1426
13.1434,0.2000,0.0000,3.8964,4.2215
13.1630,0.2000,0.0000,4.1870,3.8399
13.1832,0.2000,0.0000,3.8567,4.1785
13.2033,0.2000,0.0000,3.8461,3.8461
13.2231,0.2000,0.0000,3.8535,3.8517
13.2430,0.2000,0.0000,3.8335,4.2173
13.2633,0.2000,0.0000,3.8596,4.1792
13.2832,0.2000,0.0000,3.8545,3.8545
13.3032,0.2000,0.0000,4.1708,4.1708
13.3234,0.2000,0.0000,3.8503,4.1712
13.3430,0.2000,0.0000,3.8538,4.2046
13.3632,0.2000,0.0000,3.8500,3.8500
13.3832,0.2000,0.0000,4.1497,4.1497
13.4030,0.2000,0.0000,3.8458,3.4962
13.4234,0.2000,0.0000,4.1954,4.5483
13.4432,0.2000,0.0000,4.1500,3.8535
13.4630,0.2000,0.0000,3.8461,3.8465
13.4833,0.2000,0.0000,3.8429,3.8465
13.5031,0.2000,0.0000,4.2565,3.8996
13.5232,0.2000,0.0000,3.8465,3.4968
13.5430,0.2000,0.0000,3.8444,4.1920
13.5629,0.2000,0.0000,3.8549,3.8549
13.5831,0.2000,0.0000,3.8538,3.8458
13.6031,0.2000,0.0000,3.8538,3.8538
13.6239,0.2000,0.0000,4.2061,3.8560
13.6431,0.2000,0.0000,3.8506,3.8441
13.6630,0.2000,0.0000,3.8549,3.8549
13.6830,0.2000,0.0000,3.8506,4.1465
13.7031,0.2000,0.0000,4.2000,4.2008
13.7232,0.2000,0.0000,4.2000,4.2008
13.7433,0.2000,0.0000,3.4911,4.1893
13.7638,0.2000,0.0000,4.2161,3.8928
13.7834,0.2000,0.0000,3.8461,3.8461
13.8032,0.2000,0.0000,3.8461,3.8461
13.8231,0.2000,0.0000,3.8461,3.8461
13.8434,0.2000,0.0000,3.8529,3.8529
13.8631,0.2000,0.0000,3.8542,3.8542
13.8832,0.2000,0.0000,4.2050,4.1719
13.9030,0.2000,0.0000,3.8458,3.8506
13.9230,0.2000,0.0000,3.8552,3.8458
13.9441,0.2000,0.0000,3.8503,3.8556
13.9630,0.2000,0.0000,3.8458,3.8461
13.9830,0.2000,0.0000,4.1509,3.8507
14.0034,0.2000,0.0000,3.8506,3.8544
14.0230,0.2000,0.0000,4.1722,3.8451
14.0430,0.2000,0.0000,3.8510,3.8528
14.0632,0.2000,0.0000,4.2061,4.1947
14.0829,0.2000,0.0000,3.8455,3.8451
14.1029,0.2000,0.0000,4.2119,3.8612
14.1231,0.2000,0.0000,3.8458,4.1950
14.1437,0.2000,0.0000,4.2223,3.8419
14.1629,0.2000,0.0000,4.1189,3.8244
14.1831,0.2000,0.0000,3.8458,3.8461
14.2032,0.2000,0.0000,4.1136,4.4067
14.2234,0.2000,0.0000,4.1136,4.4067
14.2433,0.2000,0.0000,4.1136,4.4067
14.2633,0.2000,0.0000,4.1136,4.4067
14.2836,0.2000,0.0000,4.1136,4.4067
14.3032,0.2000,0.0000,4.1136,4.4067
14.3233,0.2000,0.0000,4.1136,4.4067
14.3431,0.2000,0.0000,3.8750,3.8754
14.3635,0.2000,0.0000,4.1230,3.8285
14.3834,0.2000,0.0000,3.5407,4.1820
14.4037,0.2000,0.0000,3.8882,3.8882
14.4236,0.2000,0.0000,3.8458,3.8435
14.4434,0.2000,0.0000,4.1468,4.1465
14.4634,0.2000,0.0000,4.1468,4.1465
14.4832,0.2000,0.0000,4.1410,3.8473
14.5036,0.2000,0.0000,3.8435,4.2274
14.5233,0.2000,0.0000,4.2303,3.8454
14.5429,0.2000,0.0000,4.4101,3.8875
14.5636,0.2000,0.0000,3.8469,3.8469
14.5835,0.2000,0.0000,4.1905,4.1916
14.6035,0.2000,0.0000,3.8326,4.1249
14.6236,0.2000,0.0000,4.1176,3.5337
14.6430,0.2000,0.0000,3.8950,4.2303
14.6631,0.2000,0.0000,3.8174,4.1110
14.6832,0.2000,0.0000,4.2303,3.8454
14.7033,0.2000,0.0000,3.8060,4.1509
14.7234,0.2000,0.0000,4.1570,4.1570
14.7435,0.2000,0.0000,4.2145,3.8633
14.7635,0.2000,0.0000,3.8500,4.1465
14.7831,0.2000,0.0000,4.2202,4.2236
14.8034,0.2000,0.0000,4.2202,4.2236
14.8235,0.2000,0.0000,4.1410,4.1436
14.8430,0.2000,0.0000,3.8191,4.1422
14.8630,0.2000,0.0000,3.8513,3.5309
14.8831,0.2000,0.0000,3.8513,3.5309
14.9029,0.2000,0.0000,3.8860,3.8860
14.9232,0.2000,0.0000,3.8389,3.8247
14.9436,0.2000,0.0000,3.8602,4.2111
14.9630,0.2000,0.0000,4.2303,3.8477
14.9830,0.2000,0.0000,3.8559,3.8535
15.0031,0.2000,0.0000,4.2050,3.8412
15.0229,0.2000,0.0000,3.8458,3.8506
15.0430,0.2000,0.0000,3.8464,4.2073
15.0631,0.2000,0.0000,3.8458,3.8491
15.0831,0.2000,0.0000,3.8458,3.8458
15.1029,0.2000,0.0000,3.9000,4.2261
15.1231,0.2000,0.0000,3.8263,3.8274
15.1431,0.2000,0.0000,4.1271,3.8323
15.1629,0.2000,0.0000,4.2198,3.8625
15.1830,0.2000,0.0000,3.8291,3.8291
15.2031,0.2000,0.0000,3.8389,4.2261
15.2230,0.2000,0.0000,3.8500,3.8503
15.2431,0.2000,0.0000,3.8768,3.8768
15.2631,0.2000,0.0000,3.8768,3.8768
15.2833,0.2000,0.0000,3.8171,3.8174
15.3029,0.2000,0.0000,4.2303,3.8458
15.3230,0.2000,0.0000,4.2303,3.8458
15.3430,0.2000,0.0000,4.2145,3.8633
15.3631,0.2000,0.0000,3.8458,3.8458
15.3831,0.2000,0.0000,3.8493,4.1684
15.4031,0.2000,0.0000,3.4962,3.8461
15.4231,0.2000,0.0000,3.4962,3.8461
15.4431,0.2000,0.0000,3.8074,4.1524
15.4630,0.2000,0.0000,4.1813,3.8577
15.4829,0.2000,0.0000,3.8392,3.8419
15.5029,0.2000,0.0000,3.8458,4.1436
15.5231,0.2000,0.0000,4.2099,3.8588
15.5431,0.2000,0.0000,3.8518,4.1481
15.5632,0.2000,0.0000,3.8518,4.1481
15.5829,0.2000,0.0000,3.8469,3.8469
15.6031,0.2000,0.0000,4.2335,3.8469
15.6230,0.2000,0.0000,3.8458,3.8461
15.6430,0.2000,0.0000,3.8816,4.1601
15.6630,0.2000,0.0000,3.8141,4.1787
15.6830,0.2000,0.0000,3.8591,3.8591
15.7031,0.2000,0.0000,3.8464,4.1426
15.7233,0.2000,0.0000,4.1705,4.1722
15.7430,0.2000,0.0000,4.1698,3.8487
15.7630,0.2000,0.0000,4.1698,3.8487
15.7830,0.2000,0.0000,4.2232,4.2265
15.8033,0.2000,0.0000,3.8928,3.8932
15.8231,0.2000,0.0000,3.8846,4.2381
15.8430,0.2000,0.0000,3.8256,4.1198
15.8630,0.2000,0.0000,4.2149,4.2149
15.8830,0.2000,0.0000,4.2223,3.8415
15.9031,0.2000,0.0000,3.8844,4.1604
15.9231,0.2000,0.0000,4.1864,3.8066
15.9433,0.2000,0.0000,3.8613,3.8613
15.9635,0.2000,0.0000,3.8757,3.8757
15.9834,0.2000,0.0000,3.8757,3.8757
16.0033,0.2000,0.0000,3.8317,3.8860
16.0235,0.2000,0.0000,3.8366,3.8366
16.0438,0.2000,0.0000,3.8320,4.1246
16.0637,0.2000,0.0000,3.8633,3.5092
16.0837,0.2000,0.0000,3.8633,3.5092
16.1032,0.2000,0.0000,3.5298,4.2339
16.1232,0.2000,0.0000,3.8389,4.2232
16.1434,0.2000,0.0000,3.8308,3.8305
16.1631,0.2000,0.0000,4.2370,4.2374
16.1830,0.2000,0.0000,3.8371,4.2374
16.2029,0.2000,0.0000,3.8465,3.4842
16.2234,0.2000,0.0000,3.8273,3.8270
16.2436,0.2000,0.0000,3.8454,3.4962
16.2631,0.2000,0.0000,4.2198,4.2194
16.2832,0.2000,0.0000,3.8917,4.2455
16.3033,0.2000,0.0000,3.8917,4.2455
16.3231,0.2000,0.0000,4.2291,3.8450
16.3430,0.2000,0.0000,3.8846,3.8846
16.3633,0.2000,0.0000,4.1442,3.8485
16.3834,0.2000,0.0000,4.1442,3.8485
16.4032,0.2000,0.0000,4.1442,3.8485
16.4230,0.2000,0.0000,4.1452,4.1455
16.4433,0.2000,0.0000,4.1452,4.1455
16.4633,0.2000,0.0000,3.8860,3.5331
16.4833,0.2000,0.0000,3.8860,3.5331
16.5035,0.2000,0.0000,3.8860,3.5331
16.5232,0.2000,0.0000,3.8860,3.5331
16.5432,0.2000,0.0000,3.8860,3.5331
16.5634,0.2000,0.0000,3.8860,3.5331
16.5833,0.2000,0.0000,3.8860,3.5331
16.6036,0.2000,0.0000,3.8860,3.5331
16.6234,0.2000,0.0000,3.8860,3.5331
16.6432,0.2000,0.0000,3.8860,3.5331
16.6632,0.2000,0.0000,3.8860,3.5331
16.6833,0.2000,0.0000,3.8860,3.5331
16.7032,0.2000,0.0000,3.8860,3.5331
16.7240,0.2000,0.0000,3.8860,3.5331
16.7433,0.2000,0.0000,3.8860,3.5331
16.7632,0.2000,0.0000,3.8860,3.5331
16.7834,0.2000,0.0000,3.8860,3.5331
16.8037,0.2000,0.0000,3.8860,3.5331
16.8233,0.2000,0.0000,3.8860,3.5331
16.8433,0.2000,0.0000,3.8860,3.5331
16.8632,0.2000,0.0000,3.8860,3.5331
16.8832,0.2000,0.0000,3.8860,3.5331
16.9036,0.2000,0.0000,3.8860,3.5331
16.9233,0.2000,0.0000,3.8860,3.5331
16.9433,0.2000,0.0000,3.8860,3.5331
16.9631,0.2000,0.0000,4.2118,3.8284
16.9832,0.2000,0.0000,4.2118,3.8284
17.0031,0.2000,0.0000,4.1208,4.1192
17.0234,0.2000,0.0000,4.1208,4.1192
17.0429,0.2000,0.0000,4.1376,3.8417
17.0631,0.2000,0.0000,4.1694,3.8605
17.0830,0.2000,0.0000,3.8479,3.8475
17.1031,0.2000,0.0000,3.8538,3.8538
17.1231,0.2000,0.0000,3.8857,3.8860
17.1432,0.2000,0.0000,3.8467,3.5724
17.1631,0.2000,0.0000,4.2242,3.8718
17.1830,0.2000,0.0000,4.1309,4.1303
17.2031,0.2000,0.0000,3.8512,4.1471
17.2231,0.2000,0.0000,4.2102,3.8278
17.2430,0.2000,0.0000,3.8875,3.8278
17.2632,0.2000,0.0000,3.8236,3.8267
17.2838,0.2000,0.0000,3.8764,4.2288
17.3032,0.2000,0.0000,4.2160,3.8327
17.3232,0.2000,0.0000,3.8857,4.2389
17.3432,0.2000,0.0000,4.2196,4.2299
17.3634,0.2000,0.0000,3.8444,4.1376
17.3832,0.2000,0.0000,3.8917,3.8423
17.4033,0.2000,0.0000,3.8189,3.8186
17.4233,0.2000,0.0000,4.2057,3.8473
17.4434,0.2000,0.0000,3.8446,3.8446
17.4630,0.2000,0.0000,3.8565,4.1506
17.4833,0.2000,0.0000,4.2219,4.1506
17.5038,0.2000,0.0000,4.2219,4.1506
17.5238,0.2000,0.0000,4.2219,4.1506
17.5432,0.2000,0.0000,3.8461,3.8461
17.5630,0.2000,0.0000,3.7989,4.1427
17.5832,0.2000,0.0000,4.2061,3.8560
17.6034,0.2000,0.0000,3.5339,3.8529
17.6230,0.2000,0.0000,3.8560,4.2038
17.6432,0.2000,0.0000,3.8560,4.2038
17.6634,0.2000,0.0000,3.8560,4.2038
17.6833,0.2000,0.0000,3.8750,3.8754
17.7036,0.2000,0.0000,3.8338,4.1290
17.7232,0.2000,0.0000,3.8404,3.8401
17.7435,0.2000,0.0000,3.8680,4.2282
17.7630,0.2000,0.0000,3.8362,3.8358
17.7830,0.2000,0.0000,4.1529,3.8550
17.8029,0.2000,0.0000,3.8458,3.8550
17.8233,0.2000,0.0000,3.8588,4.2096
17.8429,0.2000,0.0000,3.8385,3.8389
17.8632,0.2000,0.0000,3.8394,3.8864
17.8834,0.2000,0.0000,3.8775,4.2093
17.9034,0.2000,0.0000,3.8276,3.8276
17.9234,0.2000,0.0000,3.4962,3.8441
17.9430,0.2000,0.0000,3.8343,4.2177
17.9633,0.2000,0.0000,4.1477,3.8515
17.9833,0.2000,0.0000,3.8864,3.8864
18.0031,0.2000,0.0000,3.8191,4.2014
18.0235,0.2000,0.0000,3.8672,3.8644
18.0432,0.2000,0.0000,3.8366,3.8396
18.0632,0.2000,0.0000,3.8445,3.8450
18.0835,0.2000,0.0000,4.2065,4.2065
18.1034,0.2000,0.0000,3.8468,3.8447
18.1235,0.2000,0.0000,3.8324,3.8354
18.1432,0.2000,0.0000,3.8524,3.8524
18.1632,0.2000,0.0000,3.8839,3.8839
18.1834,0.2000,0.0000,4.2316,4.2320
18.2034,0.2000,0.0000,3.8285,3.8264
18.2233,0.2000,0.0000,3.8860,4.2393
18.2430,0.2000,0.0000,4.2299,4.2303
18.2632,0.2000,0.0000,3.8846,4.2381
18.2831,0.2000,0.0000,3.8427,4.2270
18.3039,0.2000,0.0000,3.8291,4.1239
18.3237,0.2000,0.0000,3.4615,3.4588
18.3429,0.2000,0.0000,3.8452,3.8452
18.3632,0.2000,0.0000,3.8452,3.8452
18.3833,0.2000,0.0000,3.8446,4.2291
18.4033,0.2000,0.0000,3.8446,4.2291
18.4229,0.2000,0.0000,4.1461,3.8598
18.4433,0.2000,0.0000,3.8381,4.1461
18.4634,0.2000,0.0000,3.8538,3.8545
18.4832,0.2000,0.0000,3.8538,3.8545
18.5033,0.2000,0.0000,4.1474,3.8509
18.5232,0.2000,0.0000,3.8821,3.8825
18.5432,0.2000,0.0000,3.8446,3.5337
18.5632,0.2000,0.0000,3.8446,3.5337
18.5834,0.2000,0.0000,3.8446,3.5337
18.6036,0.2000,0.0000,3.8446,3.5337
18.6233,0.2000,0.0000,3.8446,3.5337
18.6433,0.2000,0.0000,3.8503,3.8503
18.6635,0.2000,0.0000,3.8503,3.8503
18.6834,0.2000,0.0000,3.8503,3.8503
18.7036,0.2000,0.0000,3.8503,3.8503
18.7233,0.2000,0.0000,4.1943,4.1943
18.7433,0.2000,0.0000,4.1943,4.1943
18.7637,0.2000,0.0000,3.8490,4.2061
18.7836,0.2000,0.0000,4.1740,4.1973
18.8032,0.2000,0.0000,3.8588,3.5054
18.8234,0.2000,0.0000,3.8588,3.5054
18.8433,0.2000,0.0000,3.8547,3.5054
18.8635,0.2000,0.0000,3.8547,3.5054
18.8835,0.2000,0.0000,3.8547,3.5054
18.9030,0.2000,0.0000,4.2223,4.2261
18.9232,0.2000,0.0000,3.8584,3.8555
18.9431,0.2000,0.0000,4.2286,3.8442
18.9633,0.2000,0.0000,3.8839,3.8835
18.9831,0.2000,0.0000,3.8191,3.8191
19.0034,0.2000,0.0000,3.8473,4.1407
19.0234,0.2000,0.0000,3.8473,4.1407
19.0433,0.2000,0.0000,4.1132,4.1136
19.0635,0.2000,0.0000,3.8832,3.8832
19.0829,0.2000,0.0000,3.8160,4.1976
19.1029,0.2000,0.0000,4.1369,3.8414
19.1233,0.2000,0.0000,3.6920,4.0581
19.1436,0.2000,0.0000,4.3199,4.3210
19.1635,0.2000,0.0000,3.8470,3.8482
19.1835,0.2000,0.0000,4.1341,4.1344
19.2032,0.2000,0.0000,4.1455,4.1458
19.2238,0.2000,0.0000,3.8574,3.8571
19.2440,0.2000,0.0000,3.8312,3.8327
19.2635,0.2000,0.0000,3.8235,3.8235
19.2829,0.2000,0.0000,3.8914,3.8914
19.3029,0.2000,0.0000,3.8454,4.2303
19.3235,0.2000,0.0000,4.2393,3.8864
19.3435,0.2000,0.0000,3.8400,3.8396
19.3633,0.2000,0.0000,3.8497,3.5102
19.3833,0.2000,0.0000,4.1413,3.8485
19.4035,0.2000,0.0000,3.5805,3.9070
19.4230,0.2000,0.0000,3.4959,4.1950
19.4431,0.2000,0.0000,3.8381,3.8408
19.4629,0.2000,0.0000,3.8535,4.2065
19.4829,0.2000,0.0000,3.8857,3.8435
19.5029,0.2000,0.0000,4.1092,4.1092
19.5229,0.2000,0.0000,4.1705,4.1705
19.5429,0.2000,0.0000,3.8632,3.8468
19.5630,0.2000,0.0000,4.2185,3.8632
19.5829,0.2000,0.0000,3.8491,3.8491
19.6031,0.2000,0.0000,3.8577,3.8574
19.6229,0.2000,0.0000,3.8577,3.8574
19.6429,0.2000,0.0000,3.8577,3.8574
19.6629,0.2000,0.0000,3.8577,3.8574
19.6829,0.2000,0.0000,3.8577,3.8574
19.7034,0.2000,0.0000,3.8577,3.8574
19.7231,0.2000,0.0000,3.8577,3.8574
19.7430,0.2000,0.0000,4.2227,3.8524
19.7631,0.2000,0.0000,3.8775,4.2304
19.7832,0.2000,0.0000,3.8860,4.1976
19.8036,0.2000,0.0000,3.8244,3.8244
19.8229,0.2000,0.0000,3.8658,4.2149
19.8430,0.2000,0.0000,3.8385,4.2257
19.8629,0.2000,0.0000,3.8985,3.5445
19.8829,0.2000,0.0000,4.2126,4.2127
19.9033,0.2000,0.0000,3.8503,3.8619
19.9229,0.2000,0.0000,3.9007,3.8996
19.9432,0.2000,0.0000,3.8491,3.8071
19.9633,0.2000,0.0000,3.8491,4.1452
19.9836,0.2000,0.0000,3.8373,3.8404
20.0032,0.2000,0.0000,3.8535,4.1477
20.0229,0.2000,0.0000,3.8921,3.8921
20.0433,0.2000,0.0000,4.1129,4.1129
20.0634,0.2000,0.0000,3.8946,3.8946
20.0831,0.2000,0.0000,4.2206,4.2244
20.1035,0.2000,0.0000,4.1104,4.1104
20.1240,0.2000,0.0000,3.8552,3.8556
20.1433,0.2000,0.0000,4.2215,4.2219
20.1634,0.2000,0.0000,4.2277,4.2280
20.1837,0.2000,0.0000,4.2277,4.2280
20.2032,0.2000,0.0000,4.2277,4.2280
20.2236,0.2000,0.0000,3.8609,4.2119
20.2432,0.2000,0.0000,3.8606,3.8584
20.2629,0.2000,0.0000,3.8606,3.8584
20.2830,0.0000,0.0000,4.2219,3.8412
20.3035,0.0000,0.0000,3.8796,3.8800
20.3234,0.0000,0.0000,3.8454,4.2282
20.3434,0.0000,0.0000,3.8518,4.1477
20.3637,0.0000,0.0000,3.8846,3.5318
20.3836,0.0000,0.0000,3.8256,3.8253
20.4034,0.0000,0.0000,3.8857,3.8860
20.4230,0.0000,0.0000,3.8454,3.8458
20.4433,0.0000,0.0000,3.8206,3.8917
20.4634,0.0000,0.0000,4.2510,3.8942
20.4833,0.0000,0.0000,3.8556,3.8559
20.5033,0.0000,0.0000,4.1966,3.8559
20.5235,0.0000,0.0000,3.8461,4.2308
20.5433,0.0000,0.0000,3.8850,4.2308
20.5636,0.0000,0.0000,3.8903,3.8903
20.5832,0.0000,0.0000,3.8458,4.2308
20.6033,0.0000,0.0000,4.1142,3.8910
20.6234,0.0000,0.0000,3.8454,3.8458
20.6435,0.0000,0.0000,4.2412,3.8882
20.6633,0.0000,0.0000,4.2412,3.8882
20.6834,0.0000,0.0000,4.1198,3.5313
20.7032,0.0000,0.0000,3.8860,4.2393
20.7233,0.0000,0.0000,4.1253,4.1235
20.7436,0.0000,0.0000,4.1927,3.8444
20.7635,0.0000,0.0000,3.8559,4.1519
20.7834,0.0000,0.0000,3.8450,3.8450
20.8033,0.0000,0.0000,3.8562,3.8588
20.8235,0.0000,0.0000,3.8761,4.2215
20.8430,0.0000,0.0000,3.5211,3.8477
20.8636,0.0000,0.0000,3.5211,3.8477
20.8837,0.0000,0.0000,3.5211,3.8477
20.9036,0.0000,0.0000,3.5211,3.8477
20.9233,0.0000,0.0000,3.5211,3.8477
20.9438,0.0000,0.0000,3.5211,3.8477
20.9633,0.0000,0.0000,3.5211,3.8477
20.9834,0.0000,0.0000,3.5211,3.8477
21.0034,0.0000,0.0000,3.5211,3.8477
21.0234,0.0000,0.0000,3.5211,3.8477
21.0432,0.0000,0.0000,3.5211,3.8477
21.0633,0.0000,0.0000,3.5211,3.8477
21.0835,0.0000,0.0000,3.5211,3.8477
21.1035,0.0000,0.0000,3.5211,3.8477
21.1231,0.0000,0.0000,3.8454,3.8458
21.1432,0.0000,0.0000,3.8850,3.8850
21.1633,0.0000,0.0000,3.8850,3.8850
21.1834,0.0000,0.0000,3.8850,3.8850
21.2034,0.0000,0.0000,3.8850,3.8850
21.2237,0.0000,0.0000,3.8850,3.8850
21.2433,0.0000,0.0000,3.8850,3.8850
21.2640,0.0000,0.0000,3.8850,3.8850
21.2832,0.0000,0.0000,3.8850,3.8850
21.3040,0.0000,0.0000,3.8850,3.8850
21.3235,0.0000,0.0000,3.8850,3.8850
21.3434,0.0000,0.0000,3.8850,3.8850
21.3636,0.0000,0.0000,3.8850,3.8850
21.3837,0.0000,0.0000,4.1446,4.2122
21.4029,0.0000,0.0000,4.2329,3.8481
21.4234,0.0000,0.0000,3.8446,4.1474
21.4434,0.0000,0.0000,3.8446,4.1474
21.4634,0.0000,0.0000,3.8446,4.1474
21.4833,0.0000,0.0000,3.8446,4.1474
21.5035,0.0000,0.0000,3.8446,4.1474
21.5233,0.0000,0.0000,3.8446,4.1474
21.5432,0.0000,0.0000,0.0000,0.0000
21.5632,0.0000,0.0000,0.0000,0.0000
21.5833,0.0000,0.0000,0.0000,0.0000
21.6038,0.0000,0.0000,0.0000,0.0000
21.6238,0.0000,0.0000,0.0000,0.0000
21.6433,0.0000,0.0000,0.0000,0.0000
21.6632,0.0000,0.0000,0.0000,0.0000
21.6833,0.0000,0.0000,0.0000,0.0000
21.7037,0.0000,0.0000,0.0000,0.0000
21.7235,0.0000,0.0000,0.0000,0.0000
21.7434,0.0000,0.0000,0.0000,0.0000
21.7633,0.0000,0.0000,0.0000,0.0000
21.7840,0.0000,0.0000,0.0000,0.0000
21.8033,0.0000,0.0000,0.0000,0.0000
21.8230,0.0000,0.0000,0.0000,0.0000
21.8433,0.0000,0.0000,0.0000,0.0000
21.8633,0.0000,0.0000,0.0000,0.0000
21.8831,0.0000,0.0000,0.0000,0.0000
21.9031,0.0000,0.0000,0.0000,0.0000
21.9230,0.0000,0.0000,0.0000,0.0000
21.9431,0.0000,0.0000,0.0000,0.0000
21.9630,0.0000,0.0000,0.0000,0.0000
21.9831,0.0000,0.0000,0.0000,0.0000
22.0030,0.0000,0.0000,0.0000,0.0000
22.0231,0.0000,0.0000,0.0000,0.0000
22.0431,0.0000,0.0000,0.0000,0.0000
22.0634,0.0000,0.0000,0.0000,0.0000
22.0829,0.0000,0.0000,0.0000,0.0000
22.1031,0.0000,0.0000,0.0000,0.0000
22.1233,0.0000,0.0000,0.0000,0.0000
22.1431,0.0000,0.0000,0.0000,0.0000
22.1631,0.0000,0.0000,0.0000,0.0000
22.1832,0.0000,0.0000,0.0000,0.0000
22.2031,0.0000,0.0000,0.0000,0.0000
22.2233,0.0000,0.0000,0.0000,0.0000
22.2431,0.0000,0.0000,0.0000,0.0000
22.2631,0.0000,0.0000,0.0000,0.0000
22.2831,0.0000,0.0000,0.0000,0.0000
22.3031,0.0000,0.0000,0.0000,0.0000
22.3231,0.0000,0.0000,0.0000,0.0000
22.3432,0.0000,0.0000,0.0000,0.0000
22.3634,0.0000,0.0000,0.0000,0.0000
22.3830,0.0000,0.0000,0.0000,0.0000
22.4031,0.0000,0.0000,0.0000,0.0000
22.4231,0.0000,0.0000,0.0000,0.0000
22.4432,0.0000,0.0000,0.0000,0.0000
22.4630,0.0000,0.0000,0.0000,0.0000
22.4831,0.0000,0.0000,0.0000,0.0000
22.5035,0.0000,0.0000,0.0000,0.0000
22.5233,0.0000,0.0000,0.0000,0.0000
22.5432,0.0000,0.0000,0.0000,0.0000
22.5631,0.0000,0.0000,0.0000,0.0000
22.5830,0.0000,0.0000,0.0000,0.0000
22.6030,0.0000,0.0000,0.0000,0.0000
22.6230,0.0000,0.0000,0.0000,0.0000
22.6432,0.0000,0.0000,0.0000,0.0000
22.6632,0.0000,0.0000,0.0000,0.0000
22.6831,0.0000,0.0000,0.0000,0.0000
22.7031,0.0000,0.0000,0.0000,0.0000
22.7232,0.0000,0.0000,0.0000,0.0000
22.7431,0.0000,0.0000,0.0000,0.0000
22.7630,0.0000,0.0000,0.0000,0.0000
22.7830,0.0000,0.0000,0.0000,0.0000
22.8031,0.0000,0.0000,0.0000,0.0000
22.8231,0.0000,0.0000,0.0000,0.0000
22.8431,0.0000,0.0000,0.0000,0.0000
22.8631,0.0000,0.0000,0.0000,0.0000
22.8831,0.0000,0.0000,0.0000,0.0000
22.9031,0.0000,0.0000,0.0000,0.0000
22.9230,0.0000,0.0000,0.0000,0.0000
22.9431,0.0000,0.0000,0.0000,0.0000
22.9629,0.0000,0.0000,0.0000,0.0000
22.9831,0.0000,0.0000,0.0000,0.0000
23.0033,0.0000,0.0000,0.0000,0.0000
23.0231,0.0000,0.0000,0.0000,0.0000
23.0433,0.0000,0.0000,0.0000,0.0000
23.0631,0.0000,0.0000,0.0000,0.0000
23.0833,0.0000,0.0000,0.0000,0.0000
23.1030,0.0000,0.0000,0.0000,0.0000
23.1230,0.0000,0.0000,0.0000,0.0000
23.1429,0.0000,0.0000,0.0000,0.0000
23.1632,0.0000,0.0000,0.0000,0.0000
23.1831,0.0000,0.0000,0.0000,0.0000
23.2034,0.0000,0.0000,0.0000,0.0000
23.2231,0.0000,0.0000,0.0000,0.0000
23.2431,0.0000,0.0000,0.0000,0.0000
23.2630,0.0000,0.0000,0.0000,0.0000
23.2830,0.0000,0.0000,0.0000,0.0000
23.3038,0.0000,0.0000,0.0000,0.0000
23.3235,0.0000,0.0000,0.0000,0.0000
23.3433,0.0000,0.0000,0.0000,0.0000
23.3635,0.0000,0.0000,0.0000,0.0000
23.3834,0.0000,0.0000,0.0000,0.0000
23.4035,0.0000,0.0000,0.0000,0.0000
23.4236,0.0000,0.0000,0.0000,0.0000
23.4434,0.0000,0.0000,0.0000,0.0000
23.4632,0.0000,0.0000,0.0000,0.0000
23.4834,0.0000,0.0000,0.0000,0.0000
23.5036,0.0000,0.0000,0.0000,0.0000
23.5234,0.0000,0.0000,0.0000,0.0000
23.5435,0.0000,0.0000,0.0000,0.0000
23.5632,0.0000,0.0000,0.0000,0.0000
23.5833,0.0000,0.0000,0.0000,0.0000
23.6032,0.0000,0.0000,0.0000,0.0000
23.6232,0.0000,0.0000,0.0000,0.0000
23.6437,0.0000,0.0000,0.0000,0.0000
23.6633,0.0000,0.0000,0.0000,0.0000
23.6834,0.0000,0.0000,0.0000,0.0000
23.7030,0.0000,0.0000,0.0000,0.0000
23.7234,0.0000,0.0000,0.0000,0.0000
23.7432,0.0000,0.0000,0.0000,0.0000
23.7630,0.0000,0.0000,0.0000,0.0000
23.7840,0.0000,0.0000,0.0000,0.0000
23.8034,0.0000,0.0000,0.0000,0.0000
23.8232,0.0000,0.0000,0.0000,0.0000
23.8432,0.0000,0.0000,0.0000,0.0000
23.8632,0.0000,0.0000,0.0000,0.0000
23.8834,0.0000,0.0000,0.0000,0.0000
23.9036,0.0000,0.0000,0.0000,0.0000
23.9235,0.0000,0.0000,0.0000,0.0000
23.9430,0.0000,0.0000,0.0000,0.0000
23.9632,0.0000,0.0000,0.0000,0.0000
23.9832,0.0000,0.0000,0.0000,0.0000
24.0033,0.0000,0.0000,0.0000,0.0000
24.0236,0.0000,0.0000,0.0000,0.0000
24.0433,0.0000,0.0000,0.0000,0.0000
24.0632,0.0000,0.0000,0.0000,0.0000
24.0832,0.0000,0.0000,0.0000,0.0000
24.1036,0.0000,0.0000,0.0000,0.0000
24.1234,0.0000,0.0000,0.0000,0.0000
24.1434,0.0000,0.0000,0.0000,0.0000
24.1635,0.0000,0.0000,0.0000,0.0000
24.1832,0.0000,0.0000,0.0000,0.0000
24.2034,0.0000,0.0000,0.0000,0.0000
24.2234,0.0000,0.0000,0.0000,0.0000
24.2434,0.0000,0.0000,0.0000,0.0000
24.2632,0.0000,0.0000,0.0000,0.0000
24.2832,0.0000,0.0000,0.0000,0.0000
24.3032,0.0000,0.0000,0.0000,0.0000
24.3236,0.0000,0.0000,0.0000,0.0000
24.3433,0.0000,0.0000,0.0000,0.0000
24.3635,0.0000,0.0000,0.0000,0.0000
24.3834,0.0000,0.0000,0.0000,0.0000
24.4035,0.0000,0.0000,0.0000,0.0000
24.4233,0.0000,0.0000,0.0000,0.0000
24.4432,0.0000,0.0000,0.0000,0.0000
24.4632,0.0000,0.0000,0.0000,0.0000
24.4839,0.0000,0.0000,0.0000,0.0000
24.5041,0.0000,0.0000,0.0000,0.0000
24.5236,0.0000,0.0000,0.0000,0.0000
24.5432,0.0000,0.0000,0.0000,0.0000
24.5632,0.0000,0.0000,0.0000,0.0000
24.5829,0.0000,0.0000,0.0000,0.0000
24.6030,0.0000,0.0000,0.0000,0.0000
24.6233,0.0000,0.0000,0.0000,0.0000
24.6435,0.0000,0.0000,0.0000,0.0000
24.6632,0.0000,0.0000,0.0000,0.0000
24.6832,0.0000,0.0000,0.0000,0.0000
24.7033,0.0000,0.0000,0.0000,0.0000
24.7234,0.0000,0.0000,0.0000,0.0000
24.7435,0.0000,0.0000,0.0000,0.0000
24.7630,0.0000,0.0000,0.0000,0.0000
24.7830,0.0000,0.0000,0.0000,0.0000
24.8031,0.0000,0.0000,0.0000,0.0000
24.8231,0.0000,0.0000,0.0000,0.0000
24.8431,0.0000,0.0000,0.0000,0.0000
24.8632,0.0000,0.0000,0.0000,0.0000
24.8830,0.0000,0.0000,0.0000,0.0000
24.9029,0.0000,0.0000,0.0000,0.0000
24.9230,0.0000,0.0000,0.0000,0.0000
24.9431,0.0000,0.0000,0.0000,0.0000
24.9633,0.0000,0.0000,0.0000,0.0000
24.9831,0.0000,0.0000,0.0000,0.0000
25.0031,0.0000,0.0000,0.0000,0.0000
25.0229,0.0000,0.0000,0.0000,0.0000
25.0430,0.0000,0.0000,0.0000,0.0000
25.0632,0.0000,0.0000,0.0000,0.0000
25.0831,0.0000,0.0000,0.0000,0.0000
25.1031,0.0000,0.0000,0.0000,0.0000
25.1230,0.0000,0.0000,0.0000,0.0000
25.1430,0.0000,0.0000,0.0000,0.0000
25.1631,0.0000,0.0000,0.0000,0.0000
25.1831,0.0000,0.0000,0.0000,0.0000
25.2030,0.0000,0.0000,0.0000,0.0000
25.2231,0.0000,0.0000,0.0000,0.0000
25.2431,0.0000,0.0000,0.0000,0.0000
25.2630,0.0000,0.0000,0.0000,0.0000
25.2834,0.0000,0.0000,0.0000,0.0000
25.3031,0.0000,0.0000,0.0000,0.0000
25.3231,0.0000,0.0000,0.0000,0.0000
25.3432,0.0000,0.0000,0.0000,0.0000
25.3630,0.0000,0.0000,0.0000,0.0000
25.3833,0.0000,0.0000,0.0000,0.0000
25.4033,0.0000,0.0000,0.0000,0.0000
25.4233,0.0000,0.0000,0.0000,0.0000
25.4429,0.0000,0.0000,0.0000,0.0000
25.4632,0.0000,0.0000,0.0000,0.0000
25.4833,0.0000,0.0000,0.0000,0.0000
25.5035,0.0000,0.0000,0.0000,0.0000
25.5235,0.0000,0.0000,0.0000,0.0000
25.5433,0.0000,0.0000,0.0000,0.0000
25.5631,0.0000,0.0000,0.0000,0.0000
25.5832,0.0000,0.0000,0.0000,0.0000
25.6034,0.0000,0.0000,0.0000,0.0000
25.6231,0.0000,0.0000,0.0000,0.0000
25.6432,0.0000,0.0000,0.0000,0.0000
25.6633,0.0000,0.0000,0.0000,0.0000
25.6834,0.0000,0.0000,0.0000,0.0000
25.7033,0.0000,0.0000,0.0000,0.0000
25.7230,0.0000,0.0000,0.0000,0.0000
25.7433,0.0000,0.0000,0.0000,0.0000
25.7630,0.0000,0.0000,0.0000,0.0000
25.7832,0.0000,0.0000,0.0000,0.0000
25.8035,0.0000,0.0000,0.0000,0.0000
25.8236,0.0000,0.0000,0.0000,0.0000
25.8431,0.0000,0.0000,0.0000,0.0000
25.8631,0.0000,0.0000,0.0000,0.0000
25.8832,0.0000,0.0000,0.0000,0.0000
25.9031,0.0000,0.0000,0.0000,0.0000
25.9232,0.0000,0.0000,0.0000,0.0000
25.9436,0.0000,0.0000,0.0000,0.0000
25.9637,0.0000,0.0000,0.0000,0.0000
25.9836,0.0000,0.0000,0.0000,0.0000
26.0032,0.0000,0.0000,0.0000,0.0000
26.0232,0.0000,0.0000,0.0000,0.0000
26.0440,0.0000,0.0000,0.0000,0.0000
26.0631,0.0000,0.0000,0.0000,0.0000
26.0832,0.0000,0.0000,0.0000,0.0000
26.1041,0.0000,0.0000,0.0000,0.0000
26.1237,0.0000,0.0000,0.0000,0.0000
26.1434,0.0000,0.0000,0.0000,0.0000
26.1629,0.0000,0.0000,0.0000,0.0000
26.1836,0.0000,0.0000,0.0000,0.0000
26.2037,0.0000,0.0000,0.0000,0.0000
26.2233,0.0000,0.0000,0.0000,0.0000
26.2430,0.0000,0.0000,0.0000,0.0000
26.2634,0.0000,0.0000,0.0000,0.0000
26.2832,0.0000,0.0000,0.0000,0.0000
26.3032,0.0000,0.0000,0.0000,0.0000
26.3234,0.0000,0.0000,0.0000,0.0000
26.3436,0.0000,0.0000,0.0000,0.0000
26.3634,0.0000,0.0000,0.0000,0.0000
26.3834,0.0000,0.0000,0.0000,0.0000
26.4036,0.0000,0.0000,0.0000,0.0000
26.4231,0.0000,0.0000,0.0000,0.0000
26.4435,0.0000,0.0000,0.0000,0.0000
